{
    "appname": "Sri Vaishnava Calendar",
    "version": "1",
    "events": [
        {
            "date": "2016-06-01",
            "time": "10:00",
            "title": "Swami Desikar Thirunakshtram",
            "imageUrl": "www.google.com",
            "eventColor": "yellow",
            "details": {
                "tamilMonth": "Purataasi",
                "star": "thiruvonam",
                "description": "Lorem ipsum dolor sit amet, consectetur adipiscing elit"
            }
        },
        {
            "date": "2016-06-04",
            "time": "10:00",
            "title": "Swami Desikar Thirunakshtram",
            "imageUrl": "www.google.com",
            "eventColor": "yellow",
            "details": {
                "tamilMonth": "Purataasi",
                "star": "thiruvonam",
                "description": "Lorem ipsum dolor sit amet, consectetur adipiscing elit"
            }
        },
        
        {
            "date": "2016-06-05",
            "time": "10:00",
            "title": "Swami Desikar Thirunakshtram",
            "imageUrl": "www.google.com",
            "eventColor": "yellow",
            "details": {
                "tamilMonth": "Purataasi",
                "star": "thiruvonam",
                "description": "Lorem ipsum dolor sit amet, consectetur adipiscing elit"
            }
        },
        {
            "date": "2016-06-09",
            "time": "10:00",
            "title": "Swami Desikar Thirunakshtram",
            "imageUrl": "www.google.com",
            "eventColor": "yellow",
            "details": {
                "tamilMonth": "Purataasi",
                "star": "thiruvonam",
                "description": "Lorem ipsum dolor sit amet, consectetur adipiscing elit"
            }
        }
    ]
}
